run	system	mode	workload	threads	reads	scans	scan_rows	writes	mismatches	undecided
v	fenec	durable	A	1	3758	0	0	3784	0	0
v	fenec	durable	A	16	21324	0	0	20904	0	0
v	fenec	durable	F	1	7549	0	0	3791	0	0
v	fenec	durable	F	16	55772	0	0	27736	0	0
v	fenec	durable	E	1	0	42601	2151650	2233	0	0
v	fenec	durable	E	16	0	486314	24548293	25522	0	0
v	fenec	buffered	A	1	1470347	0	0	1469891	0	0
v	fenec	buffered	A	16	1069084	0	0	1067868	0	0
v	fenec	buffered	F	1	1964566	0	0	983539	0	0
v	fenec	buffered	F	16	1741646	0	0	870935	0	0
v	fenec	buffered	E	1	0	153471	7758891	8160	0	0
v	fenec	buffered	E	16	0	650170	32814362	34045	0	0
v	sqlite	durable	A	1	3902	0	0	3923	0	0
v	sqlite	durable	A	16	3623	0	0	3500	0	0
v	sqlite	durable	F	1	6532	0	0	3268	0	0
v	sqlite	durable	F	16	6627	0	0	3331	0	0
v	sqlite	durable	E	1	0	40153	2024373	2115	0	0
v	sqlite	durable	E	16	0	55142	2778553	3066	0	0
v	sqlite	buffered	A	1	491851	0	0	493177	0	0
v	sqlite	buffered	A	16	668561	0	0	666714	0	0
v	sqlite	buffered	F	1	844282	0	0	423000	0	0
v	sqlite	buffered	F	16	1233585	0	0	616836	0	0
v	sqlite	buffered	E	1	0	181966	9195045	9718	0	0
v	sqlite	buffered	E	16	0	267310	13484251	13994	0	0
v	server	durable	A	1	3249	0	0	3246	0	0
v	server	durable	A	16	25677	0	0	25134	0	0
v	server	durable	F	1	6588	0	0	3302	0	0
v	server	durable	F	16	57281	0	0	28487	0	0
v	server	durable	E	1	0	23965	1206217	1277	0	0
v	server	durable	E	16	0	219065	11060549	11475	0	0
v	server	buffered	A	1	273343	0	0	273721	0	0
v	server	buffered	A	16	717069	0	0	714974	0	0
v	server	buffered	F	1	363741	0	0	182554	0	0
v	server	buffered	F	16	1000251	0	0	500059	0	0
v	server	buffered	E	1	0	38359	1932837	2012	0	0
v	server	buffered	E	16	0	220443	11114402	11515	0	0
v	server-docker	durable	A	1	13717	0	0	13726	0	0
v	server-docker	durable	A	16	76921	0	0	76266	0	0
v	server-docker	durable	F	1	25447	0	0	12790	0	0
v	server-docker	durable	F	16	126396	0	0	62750	0	0
v	server-docker	durable	E	1	0	12872	647366	684	0	0
v	server-docker	durable	E	16	0	32154	1620024	1714	0	0
v	server-docker	buffered	A	1	22539	0	0	22626	0	0
v	server-docker	buffered	A	16	123896	0	0	123420	0	0
v	server-docker	buffered	F	1	32281	0	0	16276	0	0
v	server-docker	buffered	F	16	170089	0	0	84680	0	0
v	server-docker	buffered	E	1	0	10461	526435	523	0	0
v	server-docker	buffered	E	16	0	30357	1532173	1640	0	0
v	pg	durable	A	1	18703	0	0	18703	0	0
v	pg	durable	A	16	95493	0	0	95077	0	0
v	pg	durable	F	1	31129	0	0	15712	0	0
v	pg	durable	F	16	156762	0	0	77982	0	0
v	pg	durable	E	1	0	16378	823205	869	0	0
v	pg	durable	E	16	0	43116	2173374	2387	0	0
v	pg	buffered	A	1	19886	0	0	19907	0	0
v	pg	buffered	A	16	138693	0	0	138094	0	0
v	pg	buffered	F	1	26548	0	0	13350	0	0
v	pg	buffered	F	16	166453	0	0	82878	0	0
v	pg	buffered	E	1	0	16862	847241	896	0	0
v	pg	buffered	E	16	0	38151	1931329	2069	0	0
v	mongo	durable	A	1	16602	0	0	16649	0	0
v	mongo	durable	A	16	80988	0	0	80373	0	0
v	mongo	durable	F	1	21344	0	0	10672	0	0
v	mongo	durable	F	16	111565	0	0	55434	0	0
v	mongo	durable	E	1	0	12258	616385	647	0	0
v	mongo	durable	E	16	0	37758	1898891	2025	0	0
v	mongo	buffered	A	1	16414	0	0	16455	0	0
v	mongo	buffered	A	16	102940	0	0	102707	0	0
v	mongo	buffered	F	1	21899	0	0	10961	0	0
v	mongo	buffered	F	16	138314	0	0	68747	0	0
v	mongo	buffered	E	1	0	10666	536587	540	0	0
v	mongo	buffered	E	16	0	29052	1468533	1527	0	0
c1	server	durable	A	1	9938	0	0	9941	0	0
c1	server	durable	B	1	115202	0	0	6119	0	0
c1	server	durable	F	1	20383	0	0	10190	0	0
c1	server	durable	D	1	117194	0	0	6096	0	0
c1	server	durable	E	1	0	72173	3644197	3775	0	0
c1	server	buffered	A	1	722435	0	0	724101	0	0
c1	server	buffered	B	1	1337626	0	0	70138	0	0
c1	server	buffered	C	1	1403222	0	0	0	0	0
c1	server	buffered	F	1	954715	0	0	478381	0	0
c1	server	buffered	D	1	1276952	0	0	67228	0	0
c1	server	buffered	E	1	0	138470	7002157	7280	0	0
c1	server-docker	durable	A	1	56423	0	0	56334	0	0
c1	server-docker	durable	B	1	134865	0	0	7118	0	0
c1	server-docker	durable	F	1	77760	0	0	38957	0	0
c1	server-docker	durable	D	1	135522	0	0	7067	0	0
c1	server-docker	durable	E	1	0	35283	1782084	1870	0	0
c1	server-docker	buffered	A	1	54430	0	0	54390	0	0
c1	server-docker	buffered	B	1	102306	0	0	5464	0	0
c1	server-docker	buffered	C	1	107186	0	0	0	0	0
c1	server-docker	buffered	F	1	71787	0	0	35968	0	0
c1	server-docker	buffered	D	1	102529	0	0	5365	0	0
c1	server-docker	buffered	E	1	0	34503	1743490	1832	0	0
c2	server	durable	A	1	8824	0	0	8829	0	0
c2	server	durable	B	1	101357	0	0	5420	0	0
c2	server	durable	F	1	16825	0	0	8421	0	0
c2	server	durable	D	1	110647	0	0	5770	0	0
c2	server	durable	E	1	0	71266	3597796	3718	0	0
c2	server	buffered	A	1	676513	0	0	678015	0	0
c2	server	buffered	B	1	1257804	0	0	66037	0	0
c2	server	buffered	C	1	1314471	0	0	0	0	0
c2	server	buffered	F	1	902599	0	0	452355	0	0
c2	server	buffered	D	1	1256619	0	0	66187	0	0
c2	server	buffered	E	1	0	138418	6999828	7279	0	0
c2	server-docker	durable	A	1	57423	0	0	57347	0	0
c2	server-docker	durable	B	1	135073	0	0	7128	0	0
c2	server-docker	durable	F	1	78574	0	0	39395	0	0
c2	server-docker	durable	D	1	134943	0	0	7043	0	0
c2	server-docker	durable	E	1	0	35343	1785355	1874	0	0
c2	server-docker	buffered	A	1	54757	0	0	54734	0	0
c2	server-docker	buffered	B	1	103357	0	0	5530	0	0
c2	server-docker	buffered	C	1	107882	0	0	0	0	0
c2	server-docker	buffered	F	1	72311	0	0	36230	0	0
c2	server-docker	buffered	D	1	103130	0	0	5389	0	0
c2	server-docker	buffered	E	1	0	34336	1734692	1822	0	0
c3	server	durable	A	1	8415	0	0	8414	0	0
c3	server	durable	B	1	94633	0	0	5089	0	0
c3	server	durable	F	1	18229	0	0	9114	0	0
c3	server	durable	D	1	114333	0	0	5954	0	0
c3	server	durable	E	1	0	71286	3598876	3719	0	0
c3	server	buffered	A	1	678220	0	0	679663	0	0
c3	server	buffered	B	1	1255435	0	0	65915	0	0
c3	server	buffered	C	1	1311618	0	0	0	0	0
c3	server	buffered	F	1	903898	0	0	453016	0	0
c3	server	buffered	D	1	1254451	0	0	66069	0	0
c3	server	buffered	E	1	0	138088	6983056	7261	0	0
c3	server-docker	durable	A	1	57508	0	0	57413	0	0
c3	server-docker	durable	B	1	134368	0	0	7089	0	0
c3	server-docker	durable	F	1	78494	0	0	39355	0	0
c3	server-docker	durable	D	1	134861	0	0	7042	0	0
c3	server-docker	durable	E	1	0	35190	1777452	1869	0	0
c3	server-docker	buffered	A	1	54459	0	0	54412	0	0
c3	server-docker	buffered	B	1	102347	0	0	5466	0	0
c3	server-docker	buffered	C	1	107342	0	0	0	0	0
c3	server-docker	buffered	F	1	71696	0	0	35916	0	0
c3	server-docker	buffered	D	1	102211	0	0	5350	0	0
c3	server-docker	buffered	E	1	0	34310	1733352	1820	0	0
c1	server	durable	A	16	72144	0	0	71626	0	0
c1	server	buffered	A	16	1315357	0	0	1314099	0	0
c1	server	buffered	C	16	5223135	0	0	0	0	0
c1	server-docker	durable	A	16	249892	0	0	249038	0	0
c1	server-docker	buffered	A	16	316022	0	0	315506	0	0
c1	server-docker	buffered	C	16	630812	0	0	0	0	0
c2	server	durable	A	16	72993	0	0	72436	0	0
c2	server	buffered	A	16	1169918	0	0	1168550	0	0
c2	server	buffered	C	16	5203887	0	0	0	0	0
c2	server-docker	durable	A	16	250359	0	0	249598	0	0
c2	server-docker	buffered	A	16	277233	0	0	276454	0	0
c2	server-docker	buffered	C	16	607514	0	0	0	0	0
c3	server	durable	A	16	75189	0	0	74540	0	0
c3	server	buffered	A	16	1324244	0	0	1322831	0	0
c3	server	buffered	C	16	5265610	0	0	0	0	0
c3	server-docker	durable	A	16	247152	0	0	246351	0	0
c3	server-docker	buffered	A	16	314046	0	0	313547	0	0
c3	server-docker	buffered	C	16	586756	0	0	0	0	0
fix	server	durable	A	1	2936	0	0	2932	0	0
fix	server	durable	A	16	23084	0	0	22531	0	0
fix	server	durable	F	1	6084	0	0	3035	0	0
fix	server	durable	F	16	56570	0	0	28123	0	0
fix	server	durable	E	1	0	23380	1177210	1237	0	0
fix	server	durable	E	16	0	216706	10941517	11419	0	0
fix	server	buffered	A	1	232152	0	0	232004	0	0
fix	server	buffered	A	16	584118	0	0	582553	0	0
fix	server	buffered	F	1	305543	0	0	153286	0	0
fix	server	buffered	F	16	926973	0	0	463140	0	0
fix	server	buffered	E	1	0	45080	2277660	2362	0	0
fix	server	buffered	E	16	0	228445	11531685	12121	0	0
fix	server-docker	durable	A	1	19643	0	0	19684	0	0
fix	server-docker	durable	A	16	83827	0	0	83198	0	0
fix	server-docker	durable	F	1	27537	0	0	13833	0	0
fix	server-docker	durable	F	16	124213	0	0	61697	0	0
fix	server-docker	durable	E	1	0	11946	601359	629	0	0
fix	server-docker	durable	E	16	0	30627	1540284	1636	0	0
fix	server-docker	buffered	A	1	18888	0	0	18869	0	0
fix	server-docker	buffered	A	16	95655	0	0	95251	0	0
fix	server-docker	buffered	F	1	24335	0	0	12207	0	0
fix	server-docker	buffered	F	16	147218	0	0	73247	0	0
fix	server-docker	buffered	E	1	0	11857	597081	624	0	0
fix	server-docker	buffered	E	16	0	30694	1551609	1618	0	0
gap	fenec	durable	A	1	2385	0	0	2375	0	0
gap	fenec	durable	A	16	18347	0	0	17944	0	0
gap	fenec	durable	B	1	36240	0	0	1894	0	0
gap	fenec	durable	B	16	338316	0	0	17891	0	0
gap	fenec	durable	F	1	5076	0	0	2521	0	0
gap	fenec	durable	F	16	38387	0	0	19113	0	0
gap	fenec	durable	D	1	43955	0	0	2313	0	0
gap	fenec	durable	D	16	400363	0	0	21192	0	0
gap	fenec	durable	E	1	0	27576	1393203	1466	0	0
gap	fenec	durable	E	16	0	339976	17170244	17934	0	0
gap	fenec	buffered	A	1	1114170	0	0	1115553	0	0
gap	fenec	buffered	A	16	794564	0	0	792384	0	0
gap	fenec	buffered	B	1	2028780	0	0	106694	0	0
gap	fenec	buffered	B	16	4745721	0	0	250580	0	0
gap	fenec	buffered	C	1	2103725	0	0	0	0	0
gap	fenec	buffered	C	16	10509131	0	0	0	0	0
gap	fenec	buffered	F	1	1491094	0	0	747145	0	0
gap	fenec	buffered	F	16	1316153	0	0	658189	0	0
gap	fenec	buffered	D	1	2024329	0	0	106891	0	0
gap	fenec	buffered	D	16	4978369	0	0	262495	0	0
gap	fenec	buffered	E	1	0	133805	6765586	7059	0	0
gap	fenec	buffered	E	16	0	561926	28348605	29468	0	0
gap	server	durable	A	1	2662	0	0	2667	0	0
gap	server	durable	A	16	22391	0	0	21931	0	0
gap	server	durable	B	1	37724	0	0	1956	0	0
gap	server	durable	B	16	426821	0	0	22572	0	0
gap	server	durable	F	1	5634	0	0	2797	0	0
gap	server	durable	F	16	48750	0	0	24251	0	0
gap	server	durable	D	1	37408	0	0	1982	0	0
gap	server	durable	D	16	454973	0	0	24134	0	0
gap	server	durable	E	1	0	22392	1130325	1206	0	0
gap	server	durable	E	16	0	238593	12048506	12493	0	0
gap	server	buffered	A	1	202498	0	0	202340	0	0
gap	server	buffered	A	16	478090	0	0	476733	0	0
gap	server	buffered	B	1	431917	0	0	22780	0	0
gap	server	buffered	B	16	1458508	0	0	77360	0	0
gap	server	buffered	C	1	415269	0	0	0	0	0
gap	server	buffered	C	16	1580732	0	0	0	0	0
gap	server	buffered	F	1	269666	0	0	135321	0	0
gap	server	buffered	F	16	754310	0	0	376824	0	0
gap	server	buffered	D	1	393551	0	0	20561	0	0
gap	server	buffered	D	16	1466008	0	0	77427	0	0
gap	server	buffered	E	1	0	59208	2989341	3105	0	0
gap	server	buffered	E	16	0	299356	15110536	15595	0	0
gap	server-docker	durable	A	1	15290	0	0	15279	0	0
gap	server-docker	durable	A	16	74646	0	0	73986	0	0
gap	server-docker	durable	B	1	47373	0	0	2532	0	0
gap	server-docker	durable	B	16	187897	0	0	9931	0	0
gap	server-docker	durable	F	1	23290	0	0	11679	0	0
gap	server-docker	durable	F	16	112323	0	0	55783	0	0
gap	server-docker	durable	D	1	49152	0	0	2593	0	0
gap	server-docker	durable	D	16	181543	0	0	9662	0	0
gap	server-docker	durable	E	1	0	12085	613610	632	0	0
gap	server-docker	durable	E	16	0	30137	1530811	1609	0	0
gap	server-docker	buffered	A	1	15735	0	0	15759	0	0
gap	server-docker	buffered	A	16	94191	0	0	93697	0	0
gap	server-docker	buffered	B	1	29563	0	0	1544	0	0
gap	server-docker	buffered	B	16	183119	0	0	9664	0	0
gap	server-docker	buffered	C	1	30845	0	0	0	0	0
gap	server-docker	buffered	C	16	191853	0	0	0	0	0
gap	server-docker	buffered	F	1	20526	0	0	10254	0	0
gap	server-docker	buffered	F	16	126593	0	0	62858	0	0
gap	server-docker	buffered	D	1	29447	0	0	1566	0	0
gap	server-docker	buffered	D	16	183647	0	0	9787	0	0
gap	server-docker	buffered	E	1	0	11508	583924	595	0	0
gap	server-docker	buffered	E	16	0	29395	1487396	1584	0	0
