run	system	mode	workload	threads	records	seconds	ops	ops_s	probe	READ_n	READ_p50	READ_p95	READ_p99	READ_max	UPDATE_n	UPDATE_p50	UPDATE_p95	UPDATE_p99	UPDATE_max	INSERT_n	INSERT_p50	INSERT_p95	INSERT_p99	INSERT_max	SCAN_n	SCAN_p50	SCAN_p95	SCAN_p99	SCAN_max	RMW_n	RMW_p50	RMW_p95	RMW_p99	RMW_max
c	pg	durable	load	1	100000	1.97	100000	50705	1.000
c	pg	-	ping	1	100000	0	2000	0	1.000	2000	333.8	497.7	1171.5	1683.2	0					0					0					0				
c	pg	durable	A	1	100000	30	84432	2814	1.004	42305	301.1	325.6	733.2	57515.5	42127	387.1	501.8	1044.5	36317.2	0					0					0				
c	pg	durable	A	16	100000	30	464069	15469	0.999	232167	667.6	1187.8	1744.9	9675.8	231902	1253.4	2039.8	3096.6	23446.9	0					0					0				
c	pg	durable	C	1	100000	30	81025	2701	1.021	81025	325.6	626.7	1286.1	33436.5	0					0					0					0				
c	pg	durable	C	16	100000	30	542248	18075	1.021	542248	757.8	1630.2	2539.5	19662.2	0					0					0					0				
c	pg	durable	size-ABCFD	1	100000	0	140075008	0	0
c	mongo	durable	load	1	100000	2.47	100000	40434	1.005
c	mongo	-	ping	1	100000	0	2000	0	1.005	2000	370.7	610.3	1302.5	3151.7	0					0					0					0				
c	mongo	durable	A	1	100000	30	73762	2459	1.000	36944	309.2	415.7	766.0	5441.3	36818	440.3	757.8	1122.3	46277.7	0					0					0				
c	mongo	durable	A	16	100000	30	322801	10760	1.008	161626	823.3	1564.7	2539.5	27999.6	161175	1892.4	3358.7	5668.9	55194.1	0					0					0				
c	mongo	durable	C	1	100000	30	68363	2279	1.023	68363	395.3	659.5	1269.8	38198.3	0					0					0					0				
c	mongo	durable	C	16	100000	30	472448	15748	1.011	472448	921.6	1744.9	2539.5	10762.0	0					0					0					0				
c	mongo	durable	size-ABCFD	1	100000	0	241455104	0	0
